grad_norm,loss,loss_q0,loss_q1,loss_q3,mse,mse_q0,mse_q1,mse_q3,param_norm,samples,step,loss_q2,mse_q2
0.031748559229882116,0.0016685182927176356,0.005315204616636038,0.0011451342143118382,0.00010686722453101538,0.0016685182927176356,0.005315204616636038,0.0011451342143118382,0.00010686722453101538,1225.0656708268136,480004,120000,,
0.02973375923078396,0.002223023872182237,0.006036049460477019,0.0020907360365135636,0.00016161765966714593,0.002223023872182237,0.006036049460477019,0.0020907360365135636,0.00016161765966714593,1225.0706144578942,481004,120250,0.0009881135032506377,0.0009881135032506377
0.04041474959773697,0.0025205084858462208,0.006595763918470985,0.0021032292997561334,0.0001745602036880526,0.0025205084858462208,0.006595763918470985,0.0021032292997561334,0.0001745602036880526,1225.0799724540598,482004,120500,0.0009954719210509202,0.0009954719210509202
0.03498248563559729,0.0023858784768963233,0.006435166631998708,0.0020775410817260157,0.0001910832971188939,0.0023858784768963233,0.006435166631998708,0.0020775410817260157,0.0001910832971188939,1225.087583501893,483004,120750,0.0009633242911956784,0.0009633242911956784
0.05656741181184876,0.003002982361242176,0.008387043875140648,0.0020877551005995436,0.00022375445268491955,0.003002982361242176,0.008387043875140648,0.0020877551005995436,0.00022375445268491955,1225.097797315077,484004,121000,0.0010179031206992487,0.0010179031206992487
0.03820313138443436,0.002394131225883027,0.006619932244421318,0.0021060700118277795,0.0001852985775864606,0.002394131225883027,0.006619932244421318,0.0021060700118277795,0.0001852985775864606,1225.1098426301498,485004,121250,0.0010090716905671502,0.0010090716905671502
0.04643504791041976,0.002452877278614321,0.007085578368666276,0.002000582072038303,0.0001940159583991431,0.002452877278614321,0.007085578368666276,0.002000582072038303,0.0001940159583991431,1225.1174416478698,486004,121500,0.0009168222025978598,0.0009168222025978598
0.034557021477889804,0.0023285073791630578,0.0062389984156708345,0.0020856014519187215,0.00018053261995125297,0.0023285073791630578,0.0062389984156708345,0.0020856014519187215,0.00018053261995125297,1225.1255117645294,487004,121750,0.000960493429802762,0.000960493429802762
0.04475594813555363,0.0027663725231541316,0.007745791515830432,0.002113480810658074,0.00018846081934584673,0.0027663725231541316,0.007745791515830432,0.002113480810658074,0.00018846081934584673,1225.1349241704936,488004,122000,0.0009964645692672376,0.0009964645692672376
0.030283589945407998,0.0024214774256688556,0.00601467599617943,0.0020556182144399818,0.00016868141669444192,0.0024214774256688556,0.00601467599617943,0.0020556182144399818,0.00016868141669444192,1225.1448569934284,489004,122250,0.0010857713932637125,0.0010857713932637125
0.02992827484503359,0.0022994349095388318,0.006241435147860072,0.001991964245427055,0.00016169232628556943,0.0022994349095388318,0.006241435147860072,0.001991964245427055,0.00016169232628556943,1225.151626466448,490004,122500,0.0009578198418263101,0.0009578198418263101
0.04792772786885556,0.0024967367678764263,0.006941593334523377,0.002093836922863228,0.00019250706848774216,0.0024967367678764263,0.006941593334523377,0.002093836922863228,0.00019250706848774216,1225.1603093729977,491004,122750,0.0009919756898947288,0.0009919756898947288
0.03664783055124725,0.002449592599296009,0.006502244750865631,0.002061189109121725,0.00018078904512379778,0.002449592599296009,0.006502244750865631,0.002061189109121725,0.00018078904512379778,1225.169203085953,492004,123000,0.0009904125454069347,0.0009904125454069347
0.03129920042968302,0.0023513514079386393,0.006166028209976967,0.001975478297743281,0.00017774452326799894,0.0023513514079386393,0.006166028209976967,0.001975478297743281,0.00017774452326799894,1225.177969508861,493004,123250,0.0009910936153957712,0.0009910936153957712
0.04466904006926744,0.0026643033917061985,0.007173612751863924,0.002052577291022167,0.0001686459509770391,0.0026643033917061985,0.007173612751863924,0.002052577291022167,0.0001686459509770391,1225.1860302880027,494004,123500,0.000984593027399626,0.000984593027399626
0.04059755343014433,0.0023734304067911578,0.006713002212978737,0.002092897440720364,0.00018570540906291864,0.0023734304067911578,0.006713002212978737,0.002092897440720364,0.00018570540906291864,1225.1943453091744,495004,123750,0.0009702038630187326,0.0009702038630187326
0.043457437892410584,0.0024627130373264658,0.0070065125822026,0.0021157220393883025,0.0001848010106325175,0.0024627130373264658,0.0070065125822026,0.0021157220393883025,0.0001848010106325175,1225.2044697551437,496004,124000,0.000984387013318155,0.000984387013318155
0.03897202740609781,0.002476117891492322,0.006843032186128651,0.002068371814811523,0.0001833622463405525,0.002476117891492322,0.006843032186128651,0.002068371814811523,0.0001833622463405525,1225.2127698491138,497004,124250,0.0009320446481717102,0.0009320446481717102
0.03829406057797199,0.002297990064544137,0.00617086816434318,0.0021357961355738496,0.00018067171851711286,0.002297990064544137,0.00617086816434318,0.0021357961355738496,0.00018067171851711286,1225.220770331932,498004,124500,0.000950692773510394,0.000950692773510394
0.035241101488803994,0.0021142437077360256,0.006113810025610377,0.002009042331689757,0.00016311562211555596,0.0021142437077360256,0.006113810025610377,0.002009042331689757,0.00016311562211555596,1225.2282009999278,499004,124750,0.0009525583037158055,0.0009525583037158055
0.03442309296021657,0.0021874311682768184,0.006076144248557586,0.002023032134510923,0.0001779420340240485,0.0021874311682768184,0.006076144248557586,0.002023032134510923,0.0001779420340240485,1225.2366477661888,500004,125000,0.0010227701770654123,0.0010227701770654123
0.03164214973451523,0.002283441078267059,0.005883004980123777,0.0020963662768347154,0.00018063465050094415,0.002283441078267059,0.005883004980123777,0.0020963662768347154,0.00018063465050094415,1225.2453996252575,501004,125250,0.0009483519193787697,0.0009483519193787697
0.04115293234523537,0.00265594790421892,0.006678877216629799,0.002035105837467776,0.00018219192622065367,0.00265594790421892,0.006678877216629799,0.002035105837467776,0.00018219192622065367,1225.255118783452,502004,125500,0.001047861903454318,0.001047861903454318
0.03575511561424133,0.00246110224851873,0.006271443464595495,0.0020282423280624947,0.00017040879586956907,0.00246110224851873,0.006271443464595495,0.0020282423280624947,0.00017040879586956907,1225.2638810665362,503004,125750,0.0010340045128469093,0.0010340045128469093
0.03732485946530739,0.0023213836626091522,0.006139873167244244,0.002005688369237879,0.00018050946281324745,0.0023213836626091522,0.006139873167244244,0.002005688369237879,0.00018050946281324745,1225.2733324606338,504004,126000,0.0009486003060556748,0.0009486003060556748
0.039726137819660265,0.002405878954741639,0.0070883655563686145,0.00202607623583897,0.0001686782187024476,0.002405878954741639,0.0070883655563686145,0.00202607623583897,0.0001686782187024476,1225.2825695230188,505004,126250,0.001014815499873957,0.001014815499873957
0.03741871109992349,0.0023562534434604446,0.00646491942218033,0.002010902259984271,0.00018201045741893094,0.0023562534434604446,0.00646491942218033,0.002010902259984271,0.00018201045741893094,1225.290029728737,506004,126500,0.0009591384113036841,0.0009591384113036841
0.03430004343147441,0.002239981196238657,0.0061784296201288,0.001946293773081769,0.00017944935457139585,0.002239981196238657,0.0061784296201288,0.001946293773081769,0.00017944935457139585,1225.2996101806712,507004,126750,0.0009862882278949573,0.0009862882278949573
0.038071178600511936,0.0025771852385951173,0.006509803871879381,0.0020192015009555717,0.00017297364805792437,0.0025771852385951173,0.006509803871879381,0.0020192015009555717,0.00017297364805792437,1225.307509078243,508004,127000,0.001008650944681042,0.001008650944681042
0.04758478639099232,0.0027155066834529903,0.00777288442897442,0.0020505500256149415,0.0001957186045898852,0.0027155066834529903,0.00777288442897442,0.0020505500256149415,0.0001957186045898852,1225.3178236631918,509004,127250,0.0009529494328071935,0.0009529494328071935
0.04129111978923766,0.0025062261483399205,0.0065662459651712815,0.0020161747161484486,0.00016550696272321478,0.0025062261483399205,0.0065662459651712815,0.0020161747161484486,0.00016550696272321478,1225.326547332526,510004,127500,0.0009393025542522071,0.0009393025542522071
0.0372309867555533,0.0023607533756876365,0.006420938374008991,0.002041806239496045,0.000169228612233369,0.0023607533756876365,0.006420938374008991,0.002041806239496045,0.000169228612233369,1225.3334584921693,511004,127750,0.0009325548385737482,0.0009325548385737482
0.03869746175375808,0.00250573669938603,0.006700321554396972,0.0020244230737532913,0.00016237026243793958,0.00250573669938603,0.006700321554396972,0.0020244230737532913,0.00016237026243793958,1225.3419958080192,512004,128000,0.0009709551909414825,0.0009709551909414825
0.037011640262616885,0.002450604381680022,0.006226683131623738,0.0020570288463439344,0.0001954381144496599,0.002450604381680022,0.006226683131623738,0.0020570288463439344,0.0001954381144496599,1225.3510798547748,513004,128250,0.0009664843471986656,0.0009664843471986656
0.03110621452872574,0.0021938261361792682,0.005796396272613645,0.0020293899924782974,0.00017794933280471974,0.0021938261361792682,0.005796396272613645,0.0020293899924782974,0.00017794933280471974,1225.3600468176076,514004,128500,0.0009531547410879287,0.0009531547410879287
0.030374444035197682,0.00223495052574435,0.0060543539049103855,0.0019100010443964064,0.0001756024153600782,0.00223495052574435,0.0060543539049103855,0.0019100010443964064,0.0001756024153600782,1225.367995970536,515004,128750,0.0009314714866027666,0.0009314714866027666
0.04486717659255014,0.0026381735114846395,0.007353006178394902,0.001954626671375391,0.00017722507027053116,0.0026381735114846395,0.007353006178394902,0.001954626671375391,0.00017722507027053116,1225.3784615109284,516004,129000,0.0009794740619233605,0.0009794740619233605
0.040068011257382005,0.0023032452475163128,0.006510454635715408,0.002105641654318036,0.00017380950685303066,0.0023032452475163128,0.006510454635715408,0.002105641654318036,0.00017380950685303066,1225.3883925690438,517004,129250,0.0009672545122793623,0.0009672545122793623
0.04063314032477145,0.002537972488789818,0.00620779353569197,0.002142011837883244,0.00017581375660531757,0.002537972488789818,0.00620779353569197,0.002142011837883244,0.00017581375660531757,1225.3977393658747,518004,129500,0.0010016488069728366,0.0010016488069728366
0.030891074710176193,0.0023157822653884054,0.006168692626307914,0.0020917317411426367,0.00015994295093203474,0.0023157822653884054,0.006168692626307914,0.0020917317411426367,0.00015994295093203474,1225.4068580370486,519004,129750,0.00094873922806574,0.00094873922806574
0.04193938203621212,0.002520767618028912,0.0065496540783021315,0.0020888292045060106,0.00019180232544763458,0.002520767618028912,0.0065496540783021315,0.0020888292045060106,0.00019180232544763458,1225.4156231515435,520004,130000,0.0010006029694941678,0.0010006029694941678
0.0388877853952317,0.002449379157973453,0.00645285433557926,0.0019838688340628203,0.0001855525058814162,0.002449379157973453,0.00645285433557926,0.0019838688340628203,0.0001855525058814162,1225.42421367738,521004,130250,0.0009903291583359818,0.0009903291583359818
0.038435135339168994,0.0023659740462899223,0.006273250418291164,0.002065803236716117,0.00017853969251545865,0.0023659740462899223,0.006273250418291164,0.002065803236716117,0.00017853969251545865,1225.4329917728833,522004,130500,0.0010052728485553176,0.0010052728485553176
0.03949233977617312,0.0024089897124795266,0.006728664301529842,0.0019773260811978785,0.0001837081416624641,0.0024089897124795266,0.006728664301529842,0.0019773260811978785,0.0001837081416624641,1225.4415018349891,523004,130750,0.0009766453953515132,0.0009766453953515132
0.03496137408639976,0.002302862603741231,0.0060991353768741294,0.0020127265704118066,0.00017808899446761507,0.002302862603741231,0.0060991353768741294,0.0020127265704118066,0.00017808899446761507,1225.450087134788,524004,131000,0.0009644440442257446,0.0009644440442257446
0.029745021093756385,0.002208227715280372,0.006025026372738246,0.001965915773656561,0.00017852195562663233,0.002208227715280372,0.006025026372738246,0.001965915773656561,0.00017852195562663233,1225.4585097871886,525004,131250,0.000988434429511585,0.000988434429511585
0.041407235830270665,0.002583955227164551,0.0070167964882022005,0.002077666568049396,0.00019935965154802492,0.002583955227164551,0.0070167964882022005,0.002077666568049396,0.00019935965154802492,1225.4668108773403,526004,131500,0.000977993638050554,0.000977993638050554
0.029062835088932905,0.002336186496308074,0.005888905348829617,0.0019919281245270853,0.00018824532438642963,0.002336186496308074,0.005888905348829617,0.0019919281245270853,0.00018824532438642963,1225.4745941861454,527004,131750,0.0009258881134839435,0.0009258881134839435
0.03776178830968265,0.0023132414673455045,0.006391783102078973,0.0019970337262626477,0.00017702423051263683,0.0023132414673455045,0.006391783102078973,0.0019970337262626477,0.00017702423051263683,1225.4825087211389,528004,132000,0.0009657781721264324,0.0009657781721264324
0.04503237518264405,0.002501798015786336,0.00655362669415041,0.002128614798522674,0.00020371767077092813,0.002501798015786336,0.00655362669415041,0.002128614798522674,0.00020371767077092813,1225.4935089018293,529004,132250,0.0010179171057177342,0.0010179171057177342
0.040533486196228055,0.002297813734068769,0.006470365153590243,0.0019053146042464755,0.00017205743584753142,0.002297813734068769,0.006470365153590243,0.0019053146042464755,0.00017205743584753142,1225.5021949164218,530004,132500,0.0009929372081321417,0.0009929372081321417
0.03932857422265137,0.00248067156545585,0.006850456910169856,0.0020075295080162646,0.00017884894428319835,0.00248067156545585,0.006850456910169856,0.0020075295080162646,0.00017884894428319835,1225.511295676882,531004,132750,0.0009680800198111689,0.0009680800198111689
0.029400419993276555,0.0022593565537244995,0.005932937361946214,0.002013473956678767,0.00014850706124889257,0.0022593565537244995,0.005932937361946214,0.002013473956678767,0.00014850706124889257,1225.518848373933,532004,133000,0.0009462984340498218,0.0009462984340498218
0.03561760129332176,0.0023131463037570966,0.0061907252630241895,0.0019425656268352758,0.00017586658131587434,0.0023131463037570966,0.0061907252630241895,0.0019425656268352758,0.00017586658131587434,1225.526629058157,533004,133250,0.0009453185296563217,0.0009453185296563217
0.03997874301532016,0.002476561062474501,0.006858800888100335,0.002057974928498474,0.00017436590611442083,0.002476561062474501,0.006858800888100335,0.002057974928498474,0.00017436590611442083,1225.5356425340829,534004,133500,0.0010012595338695157,0.0010012595338695157
0.03538042110174399,0.0023554763476131505,0.006456848549574735,0.002091003664167052,0.00016880618614038462,0.0023554763476131505,0.006456848549574735,0.002091003664167052,0.00016880618614038462,1225.5446569379696,535004,133750,0.0010063607049678278,0.0010063607049678278
0.040000262122563725,0.0023969217608682826,0.0063224817577065585,0.0019183431131439474,0.00018316620044060968,0.0023969217608682826,0.0063224817577065585,0.0019183431131439474,0.00018316620044060968,1225.5529249251151,536004,134000,0.0009701968719728952,0.0009701968719728952
0.05038876117553847,0.0028145060784881934,0.007887003456069639,0.0021374045663694534,0.00019171870652500713,0.0028145060784881934,0.007887003456069639,0.0021374045663694534,0.00019171870652500713,1225.5610064002951,537004,134250,0.001020006392776083,0.001020006392776083
0.042880302160317386,0.0024192444183281634,0.00755065340298886,0.0020713800812423573,0.0001944866945204855,0.0024192444183281634,0.00755065340298886,0.0020713800812423573,0.0001944866945204855,1225.5725735794226,538004,134500,0.0010055926994287537,0.0010055926994287537
0.038535764728057434,0.00259898738050833,0.0066958825247219,0.0020168359335692547,0.00016584912038221478,0.00259898738050833,0.0066958825247219,0.0020168359335692547,0.00016584912038221478,1225.582553126369,539004,134750,0.0010325557959731668,0.0010325557959731668
0.028724936227409792,0.0022802793074515673,0.006092316221578845,0.0020465550855698596,0.00015586754429654205,0.0022802793074515673,0.006092316221578845,0.0020465550855698596,0.00015586754429654205,1225.5916167338546,540004,135000,0.000982761204009875,0.000982761204009875
0.039046502242777704,0.0022700272770889577,0.005761337216460597,0.001966656124695084,0.00018466992968433775,0.0022700272770889577,0.005761337216460597,0.001966656124695084,0.00018466992968433775,1225.6003093482482,541004,135250,0.0008951316639502387,0.0008951316639502387
0.03279741568477835,0.0023580741424812,0.006236229927612206,0.001995046835454219,0.00017769892790352158,0.0023580741424812,0.006236229927612206,0.001995046835454219,0.00017769892790352158,1225.60909678392,542004,135500,0.0010247696692699463,0.0010247696692699463
0.039484248731992536,0.002276327546918765,0.006194276699479357,0.0019844973049614406,0.00018675534078351172,0.002276327546918765,0.006194276699479357,0.0019844973049614406,0.00018675534078351172,1225.6181098416237,543004,135750,0.0009611042373166646,0.0009611042373166646
0.032424279187166206,0.0022117966432706492,0.0058174991021933305,0.002032781624938271,0.00017210010067064452,0.0022117966432706492,0.0058174991021933305,0.002032781624938271,0.00017210010067064452,1225.6259877811742,544004,136000,0.0009811903715391107,0.0009811903715391107
0.036851928555812236,0.002397252469323576,0.006158908728796703,0.002151838991939708,0.00017214739473202226,0.002397252469323576,0.006158908728796703,0.002151838991939708,0.00017214739473202226,1225.635272970524,545004,136250,0.000958524025889462,0.000958524025889462
0.04089463055587491,0.0023525476560462234,0.0066910958817986916,0.0020788232516224516,0.00017224521306397243,0.0023525476560462234,0.0066910958817986916,0.0020788232516224516,0.00017224521306397243,1225.6457941293036,546004,136500,0.0009684569060548463,0.0009684569060548463
0.03797671585281051,0.002390054912626509,0.006625644090736126,0.0020027390094836564,0.000173602736612961,0.002390054912626509,0.006625644090736126,0.0020027390094836564,0.000173602736612961,1225.655849596014,547004,136750,0.0009981274970100628,0.0009981274970100628
0.05074151676522914,0.0025959489689557826,0.006881182593078295,0.002093869619508924,0.00019033481026298207,0.0025959489689557826,0.006881182593078295,0.002093869619508924,0.00019033481026298207,1225.663629661019,548004,137000,0.0009915950963129646,0.0009915950963129646
0.03165910257689089,0.002413726148020941,0.006035117249715553,0.0019288645569180542,0.00018629040751112633,0.002413726148020941,0.006035117249715553,0.0019288645569180542,0.00018629040751112633,1225.6719315431499,549004,137250,0.000951836661124228,0.000951836661124228
0.03556098401485878,0.0023437519596773183,0.006198305883968485,0.001975181373154556,0.00017355012586900374,0.0023437519596773183,0.006198305883968485,0.001975181373154556,0.00017355012586900374,1225.6809679234243,550004,137500,0.0009860795302450626,0.0009860795302450626
0.03109611615339205,0.0022197597348713356,0.005813735484443452,0.001981738269150389,0.00016379084347037775,0.0022197597348713356,0.005813735484443452,0.001981738269150389,0.00016379084347037775,1225.6895140472225,551004,137750,0.0009748168215421978,0.0009748168215421978
0.04301024593818107,0.0025563194012502245,0.006907146537223777,0.0020393685578592572,0.00018437230863365477,0.0025563194012502245,0.006907146537223777,0.0020393685578592572,0.00018437230863365477,1225.699233218691,552004,138000,0.00095683044664732,0.00095683044664732
0.043106728136476126,0.0023272300254320766,0.006423317889894254,0.0019803920853695266,0.00018384479117081423,0.0023272300254320766,0.006423317889894254,0.0019803920853695266,0.00018384479117081423,1225.707956354414,553004,138250,0.0009721666929113704,0.0009721666929113704
0.038313108865445394,0.0024492070375708845,0.006188757562532158,0.0020303962610928633,0.00018691636905089864,0.0024492070375708845,0.006188757562532158,0.0020303962610928633,0.00018691636905089864,1225.7153520954555,554004,138500,0.0009071126603943881,0.0009071126603943881
0.03391405047955494,0.0022546681317908213,0.006006894687407586,0.0019875174695925153,0.00016669398033528957,0.0022546681317908213,0.006006894687407586,0.0019875174695925153,0.00016669398033528957,1225.7246076211716,555004,138750,0.0009059526970214974,0.0009059526970214974
0.03610156156788784,0.002301835368853062,0.006380112699216942,0.0021077025804997385,0.0001887427227660285,0.002301835368853062,0.006380112699216942,0.0021077025804997385,0.0001887427227660285,1225.7327535429697,556004,139000,0.0009826412052014784,0.0009826412052014784
0.04289247420985744,0.0024108431444037717,0.0066343715840603374,0.0020668155807852463,0.0001873383035542376,0.0024108431444037717,0.0066343715840603374,0.0020668155807852463,0.0001873383035542376,1225.740813251369,557004,139250,0.0010028322428194906,0.0010028322428194906
0.039228952284125033,0.0025211046810436535,0.006562109934268415,0.001975716184774526,0.00016332193992902908,0.0025211046810436535,0.006562109934268415,0.001975716184774526,0.00016332193992902908,1225.7500012712135,558004,139500,0.0009806530628565205,0.0009806530628565205
0.04185870512814802,0.002564528090937531,0.006858975855790621,0.001988368483958767,0.00017972008522654207,0.002564528090937531,0.006858975855790621,0.001988368483958767,0.00017972008522654207,1225.7592372013478,559004,139750,0.0009311492633839536,0.0009311492633839536
0.032964993318449466,0.0023199300802079974,0.006128784999000053,0.001899296053019245,0.00018236636596183898,0.0023199300802079974,0.006128784999000053,0.001899296053019245,0.00018236636596183898,1225.7691221168286,560004,140000,0.000957458696913401,0.000957458696913401
0.04340456859992952,0.002434258377645163,0.007064037562655761,0.0019484011643647193,0.00018825599537743121,0.002434258377645163,0.007064037562655761,0.0019484011643647193,0.00018825599537743121,1225.778063518871,561004,140250,0.0009915080009865484,0.0009915080009865484
0.032589521818878316,0.002302109207666944,0.006400253316994922,0.0019268890805347095,0.00017538041877943904,0.002302109207666944,0.006400253316994922,0.0019268890805347095,0.00017538041877943904,1225.7873409930403,562004,140500,0.0009675295737201385,0.0009675295737201385
0.045460793588364565,0.0024808669419144292,0.006507289108192316,0.0019948528614873442,0.00018933241477498086,0.0024808669419144292,0.006507289108192316,0.0019948528614873442,0.00018933241477498086,1225.7961893669521,563004,140750,0.00097110697806197,0.00097110697806197
0.031062435798624905,0.0022945405120262845,0.006197299863561055,0.002012712390039322,0.00016546149605192091,0.0022945405120262845,0.006197299863561055,0.002012712390039322,0.00016546149605192091,1225.804652893828,564004,141000,0.0009687833831526845,0.0009687833831526845
0.034804222868683864,0.00226551864144858,0.005998486731515593,0.002014251439036884,0.00017895521265802675,0.00226551864144858,0.005998486731515593,0.002014251439036884,0.00017895521265802675,1225.8128578912265,565004,141250,0.000935963521977949,0.000935963521977949
0.03707017186084281,0.0024222987949615326,0.006279280273767877,0.0019491796799127744,0.00015933731793239494,0.0024222987949615326,0.006279280273767877,0.0019491796799127744,0.00015933731793239494,1225.8222839725333,566004,141500,0.0009817983395704589,0.0009817983395704589
0.033028297197838216,0.0023238367557059966,0.006114148445213067,0.0019233169315536832,0.0001912091385047014,0.0023238367557059966,0.006114148445213067,0.0019233169315536832,0.0001912091385047014,1225.8293347538113,567004,141750,0.0009915752448141591,0.0009915752448141591
0.03266654381614333,0.0022807180198142285,0.006169484748555293,0.0020551238051363433,0.00017238136301767423,0.0022807180198142285,0.006169484748555293,0.0020551238051363433,0.00017238136301767423,1225.8389607197773,568004,142000,0.0009908951609575954,0.0009908951609575954
0.03623412817748298,0.0023328792523825545,0.006165769254227007,0.0020041507408266983,0.00019354650512851964,0.0023328792523825545,0.006165769254227007,0.0020041507408266983,0.00019354650512851964,1225.8474458501516,569004,142250,0.0009688718887883779,0.0009688718887883779
0.03953635459784444,0.0024676079961936915,0.00668260754408458,0.0019124021012650724,0.00020101173543820102,0.0024676079961936915,0.00668260754408458,0.0019124021012650724,0.00020101173543820102,1225.8563839142157,570004,142500,0.000960522196585182,0.000960522196585182
0.040835703927937596,0.0024241091908188536,0.006638183475813771,0.0020039840946766167,0.00018108194754776468,0.0024241091908188536,0.006638183475813771,0.0020039840946766167,0.00018108194754776468,1225.8649846062108,571004,142750,0.0009653713328984037,0.0009653713328984037
0.0399367793877653,0.002420877700904387,0.006572536559704977,0.002065806042050648,0.0001796005657117458,0.002420877700904387,0.006572536559704977,0.002065806042050648,0.0001796005657117458,1225.8751757820207,572004,143000,0.0009764481477428816,0.0009764481477428816
0.03879241899972988,0.002303136266884394,0.006298929003658568,0.001946044415003546,0.00017235768471090572,0.002303136266884394,0.006298929003658568,0.001946044415003546,0.00017235768471090572,1225.88328921761,573004,143250,0.0009079754295965099,0.0009079754295965099
0.03460160130349516,0.0021288393426220848,0.006018572453602263,0.0019821501628030087,0.0001808329222603094,0.0021288393426220848,0.006018572453602263,0.0019821501628030087,0.0001808329222603094,1225.891143929125,574004,143500,0.0009153632033619638,0.0009153632033619638
0.04208393143052966,0.0023915606673108407,0.006421640509625474,0.0020187742416431812,0.00018005302955629795,0.0023915606673108407,0.006421640509625474,0.0020187742416431812,0.00018005302955629795,1225.8999031765147,575004,143750,0.0009498492506401344,0.0009498492506401344
0.030671453079354795,0.002287049921695145,0.005810678961193736,0.0020172417497472915,0.00017026384807838083,0.002287049921695145,0.005810678961193736,0.0020172417497472915,0.00017026384807838083,1225.9087462545135,576004,144000,0.000932611178080611,0.000932611178080611
0.05551288515729726,0.0028336227127583715,0.007521207445635172,0.0020529556331154684,0.00018252889456971033,0.0028336227127583715,0.007521207445635172,0.0020529556331154684,0.00018252889456971033,1225.9175185348934,577004,144250,0.0009347724371102899,0.0009347724371102899
0.03348722651143358,0.002320531081757508,0.006268842569303242,0.0020000780776492756,0.00016945428210496865,0.002320531081757508,0.006268842569303242,0.0020000780776492756,0.00016945428210496865,1225.9269598133947,578004,144500,0.000904579775278062,0.000904579775278062
0.03203911486942764,0.0023432579775108033,0.0059147462241852045,0.0019983642278429215,0.00016352685671519533,0.0023432579775108033,0.0059147462241852045,0.0019983642278429215,0.00016352685671519533,1225.9357441749505,579004,144750,0.0009071063259469824,0.0009071063259469824
0.03247613186576491,0.0022018295220914315,0.005964503729731534,0.002015490170226866,0.0001708730870374752,0.0022018295220914315,0.005964503729731534,0.002015490170226866,0.0001708730870374752,1225.9432710008641,580004,145000,0.0009642922465872911,0.0009642922465872911
0.0420007791891287,0.002475398878101261,0.006320227465365334,0.0019184584777580678,0.00019235096556168333,0.002475398878101261,0.006320227465365334,0.0019184584777580678,0.00019235096556168333,1225.953519441024,581004,145250,0.0009456454186663573,0.0009456454186663573
0.03935271528095289,0.0024789001639001075,0.006795883302196016,0.0019251848316061968,0.00016792844497088327,0.0024789001639001075,0.006795883302196016,0.0019251848316061968,0.00016792844497088327,1225.9630393416962,582004,145500,0.001009511341805612,0.001009511341805612
0.03272101778596478,0.0022453648364171423,0.006186840832912932,0.0019909458314536,0.00017305277794985415,0.0022453648364171423,0.006186840832912932,0.0019909458314536,0.00017305277794985415,1225.9725550533792,583004,145750,0.0009193077561069567,0.0009193077561069567
0.045266113700298996,0.002412507713830566,0.006488225726128757,0.0019868146706076375,0.00019721354288023966,0.002412507713830566,0.006488225726128757,0.0019868146706076375,0.00019721354288023966,1225.9828245760848,584004,146000,0.000947341035315331,0.000947341035315331
0.04482551161122479,0.0026164131872064896,0.007583059896791958,0.00205761441707896,0.00017032723340689219,0.0026164131872064896,0.007583059896791958,0.00205761441707896,0.00017032723340689219,1225.9933536508247,585004,146250,0.0009429800277437805,0.0009429800277437805
0.03136702427327048,0.002367462464957498,0.006253237697623075,0.0019174394943878392,0.00016856357628720325,0.002367462464957498,0.006253237697623075,0.0019174394943878392,0.00016856357628720325,1226.002082219496,586004,146500,0.0009973615671689659,0.0009973615671689659
0.033870651565078784,0.002396164506324565,0.006289368449999818,0.001919070683752892,0.00016251571202544532,0.002396164506324565,0.006289368449999818,0.001919070683752892,0.00016251571202544532,1226.010217827487,587004,146750,0.0009175092038478598,0.0009175092038478598
0.04267341896459372,0.002429060113732703,0.0066572904903441695,0.0020243312230716483,0.00018466692689523642,0.002429060113732703,0.0066572904903441695,0.0020243312230716483,0.00018466692689523642,1226.0184352194135,588004,147000,0.0009438626707684278,0.0009438626707684278
0.03610230077443674,0.0023307052678428627,0.006502355844218367,0.002043945316568407,0.0001753415409251509,0.0023307052678428627,0.006502355844218367,0.002043945316568407,0.0001753415409251509,1226.0282574381738,589004,147250,0.0009534251315981363,0.0009534251315981363
0.03381568591887295,0.0022353376478713508,0.0059421059578028705,0.0020618627462774884,0.0001777628490257006,0.0022353376478713508,0.0059421059578028705,0.0020618627462774884,0.0001777628490257006,1226.0355563169985,590004,147500,0.0009389391683677207,0.0009389391683677207
0.03577559662444268,0.0022594134917599145,0.0063085152800565775,0.0019801158685341788,0.000173194138388295,0.0022594134917599145,0.0063085152800565775,0.0019801158685341788,0.000173194138388295,1226.043858434683,591004,147750,0.0009611406943340809,0.0009611406943340809
0.05075209203403411,0.0024949944403488194,0.007297166472284901,0.0020271827236380603,0.00019423376068105347,0.0024949944403488194,0.007297166472284901,0.0020271827236380603,0.00019423376068105347,1226.0549168707018,592004,148000,0.0009681796349796882,0.0009681796349796882
0.031107745343948077,0.0024039753083488907,0.006334329844237521,0.0019911611675671598,0.0001584707357352952,0.0024039753083488907,0.006334329844237521,0.0019911611675671598,0.0001584707357352952,1226.064606390806,593004,148250,0.0009304456723839391,0.0009304456723839391
0.03264316566819451,0.002248611815390177,0.005932763855955679,0.0019539323580907066,0.00016306316513062193,0.002248611815390177,0.005932763855955679,0.0019539323580907066,0.00016306316513062193,1226.0728821793773,594004,148500,0.0009566504775873007,0.0009566504775873007
0.028263367330803875,0.0022163297344231954,0.005893672980581883,0.001983777544452234,0.0001610101762312494,0.0022163297344231954,0.005893672980581883,0.001983777544452234,0.0001610101762312494,1226.0814603104584,595004,148750,0.0009125752636584081,0.0009125752636584081
0.043565720467456846,0.0025763157022884106,0.006819337821622009,0.002064975215245254,0.00018929920647957384,0.0025763157022884106,0.006819337821622009,0.002064975215245254,0.00018929920647957384,1226.0904090346007,596004,149000,0.0009233261674575239,0.0009233261674575239
0.036320750599870964,0.002407416860340166,0.006439008492706636,0.0020353159915311664,0.00019297647309556576,0.002407416860340166,0.006439008492706636,0.0020353159915311664,0.00019297647309556576,1226.1002101630856,597004,149250,0.001004595315709103,0.001004595315709103
0.03337616144118188,0.0024052250422537283,0.006059075453834521,0.002130250062175324,0.00017969808688949018,0.0024052250422537283,0.006059075453834521,0.002130250062175324,0.00017969808688949018,1226.1084394529462,598004,149500,0.0009595322494695087,0.0009595322494695087
0.03356201828581108,0.002329955211898777,0.006087153705941034,0.0019677489876599196,0.000175200253876192,0.002329955211898777,0.006087153705941034,0.0019677489876599196,0.000175200253876192,1226.117722769876,599004,149750,0.0009688139305746346,0.0009688139305746346
0.031995822070623396,0.0022311839787289506,0.005623980026939537,0.0020827942506875838,0.00016060826239974962,0.0022311839787289506,0.005623980026939537,0.0020827942506875838,0.00016060826239974962,1226.12581359167,600004,150000,0.0009024921649446087,0.0009024921649446087
0.032231672455617366,0.00229242523224093,0.0062243937516678945,0.002051308949103977,0.000184350644044443,0.00229242523224093,0.0062243937516678945,0.002051308949103977,0.000184350644044443,1226.1345189438537,601004,150250,0.0009424082300415383,0.0009424082300415383
0.03538967926786444,0.0022466429964988475,0.005839583539073506,0.0019520036910576205,0.00017340806207954073,0.0022466429964988475,0.005839583539073506,0.0019520036910576205,0.00017340806207954073,1226.1438305379054,602004,150500,0.0010248258786448318,0.0010248258786448318
0.0339917041947453,0.0024494868782348905,0.006185357470962185,0.0019761344190304593,0.00018376964319189858,0.0024494868782348905,0.006185357470962185,0.0019761344190304593,0.00018376964319189858,1226.1525565300713,603004,150750,0.0009883632890304453,0.0009883632890304453
0.03424728726421807,0.0022686122742015904,0.0063518100443269105,0.0019252919855985387,0.00019495229132545597,0.0022686122742015904,0.0063518100443269105,0.0019252919855985387,0.00019495229132545597,1226.1614088516394,604004,151000,0.0009257114673131781,0.0009257114673131781
0.03990694251747292,0.0023989127012901006,0.006348695059425579,0.00192857644359436,0.00019127317256225756,0.0023989127012901006,0.006348695059425579,0.00192857644359436,0.00019127317256225756,1226.169995773612,605004,151250,0.0009236966613761344,0.0009236966613761344
0.05330176588988318,0.0027085178193519814,0.007396699573132267,0.001974040247745378,0.00020997709203516866,0.0027085178193519814,0.007396699573132267,0.001974040247745378,0.00020997709203516866,1226.1808931015148,606004,151500,0.0010147735446253139,0.0010147735446253139
0.03488147271570333,0.0023313030619174207,0.006196987717119084,0.0020270868590476126,0.00017622673135256654,0.0023313030619174207,0.006196987717119084,0.0020270868590476126,0.00017622673135256654,1226.1911338867756,607004,151750,0.0009548462525776546,0.0009548462525776546
0.02784964869842132,0.002191243890003533,0.0055754866616553,0.0020006635682269314,0.00017051251819125645,0.002191243890003533,0.0055754866616553,0.0020006635682269314,0.00017051251819125645,1226.1986710128838,608004,152000,0.0009343030512590014,0.0009343030512590014
0.03845121674894739,0.0024419819698086945,0.006397806774224903,0.001934264575479537,0.0001710573312684862,0.0024419819698086945,0.006397806774224903,0.001934264575479537,0.0001710573312684862,1226.2070561560802,609004,152250,0.0009141788092204071,0.0009141788092204071
0.04041423937173559,0.0025741139301098904,0.007048412648788894,0.0020156083626330424,0.00019816289645745156,0.0025741139301098904,0.007048412648788894,0.0020156083626330424,0.00019816289645745156,1226.2178470160536,610004,152500,0.0009629550175114818,0.0009629550175114818
0.03765602360264638,0.002467386971344239,0.006643098516178718,0.0019480498860957602,0.0001738689709078899,0.002467386971344239,0.006643098516178718,0.0019480498860957602,0.0001738689709078899,1226.226109207778,611004,152750,0.0009340553490601531,0.0009340553490601531
0.043600104029829084,0.0025943038158584395,0.006871290065867878,0.0020099279790883853,0.00017325722134356943,0.0025943038158584395,0.006871290065867878,0.0020099279790883853,0.00017325722134356943,1226.235440253066,612004,153000,0.0009326158996758624,0.0009326158996758624
0.03334494693305858,0.002519563964102416,0.0068733445758286,0.0020404640721001957,0.00016960505177046902,0.002519563964102416,0.0068733445758286,0.0020404640721001957,0.00016960505177046902,1226.2440052953464,613004,153250,0.0009813417390989703,0.0009813417390989703
0.033372962221903696,0.0024407401154749086,0.006352502208188913,0.0019773636901568954,0.00018296390663863338,0.0024407401154749086,0.006352502208188913,0.0019773636901568954,0.00018296390663863338,1226.253845633492,614004,153500,0.0009690970841625725,0.0009690970841625725
0.038913188942094355,0.002468550047720782,0.006517329950410142,0.0019499084300480295,0.00018619402538584505,0.002468550047720782,0.006517329950410142,0.0019499084300480295,0.00018619402538584505,1226.2618301671575,615004,153750,0.0009504276375305286,0.0009504276375305286
0.02936251766051608,0.002166096637345616,0.005878190128093737,0.001980395079968968,0.00016001918289762946,0.002166096637345616,0.005878190128093737,0.001980395079968968,0.00016001918289762946,1226.2707183277876,616004,154000,0.0009295859227534833,0.0009295859227534833
0.040235841877427875,0.002457772677240428,0.006484931915591666,0.0019590375430475516,0.0001720794554302653,0.002457772677240428,0.006484931915591666,0.0019590375430475516,0.0001720794554302653,1226.279858405431,617004,154250,0.0010105160000921751,0.0010105160000921751
0.055765230366189855,0.002677695108111948,0.007138816329489391,0.0020723071958097835,0.00021274047743381443,0.002677695108111948,0.007138816329489391,0.0020723071958097835,0.00021274047743381443,1226.2889034354441,618004,154500,0.0010053628430196494,0.0010053628430196494
0.03984429274004358,0.0022499586771009493,0.006304752965260806,0.0020220012461781016,0.00017500624690077894,0.0022499586771009493,0.006304752965260806,0.0020220012461781016,0.00017500624690077894,1226.2986986480817,619004,154750,0.0009195214294888776,0.0009195214294888776
0.03102709481265224,0.0023438483477220846,0.0062157914241253165,0.001970810876617477,0.00017116603358857674,0.0023438483477220846,0.0062157914241253165,0.001970810876617477,0.00017116603358857674,1226.3074766589143,620004,155000,0.000944171891757685,0.000944171891757685
0.030770333889091905,0.0022790447556180846,0.005928156692774902,0.002014912166828251,0.00015986407948460343,0.0022790447556180846,0.005928156692774902,0.002014912166828251,0.00015986407948460343,1226.315982595983,621004,155250,0.0009445497649242727,0.0009445497649242727
0.04093559042623065,0.0024065604596398772,0.006718858028280986,0.001992451084503445,0.00018972464849791658,0.0024065604596398772,0.006718858028280986,0.001992451084503445,0.00018972464849791658,1226.3247068539629,622004,155500,0.0009445178389017075,0.0009445178389017075
0.03066332271686517,0.002233680331468346,0.00623819907401911,0.0020019923627617457,0.00016990195913198548,0.002233680331468346,0.00623819907401911,0.0020019923627617457,0.00016990195913198548,1226.3332729331335,623004,155750,0.0009737093726729769,0.0009737093726729769
0.03588722360372399,0.002328467590617946,0.006177977450630237,0.0020578409551403245,0.00017794233244514089,0.002328467590617946,0.006177977450630237,0.0020578409551403245,0.00017794233244514089,1226.3422623399908,624004,156000,0.0008875217119289033,0.0008875217119289033
0.03454147608876718,0.002360733090201393,0.006065539655591876,0.0018807320765170414,0.00017114623335234472,0.002360733090201393,0.006065539655591876,0.0018807320765170414,0.00017114623335234472,1226.3498869951397,625004,156250,0.0009666559068259137,0.0009666559068259137
0.03659349317093554,0.0023936249906546447,0.006401949868537488,0.001975382415182133,0.00017502143310821344,0.0023936249906546447,0.006401949868537488,0.001975382415182133,0.00017502143310821344,1226.3584316005322,626004,156500,0.0009775452704879593,0.0009775452704879593
0.039661362893302736,0.002525166500941852,0.006266640342326593,0.002009728718817665,0.00020698206968114004,0.002525166500941852,0.006266640342326593,0.002009728718817665,0.00020698206968114004,1226.367996402078,627004,156750,0.0009475871417661697,0.0009475871417661697
0.03312644991795594,0.0022272529478650537,0.005820664856958411,0.001999408745133958,0.00018332293333557298,0.0022272529478650537,0.005820664856958411,0.001999408745133958,0.00018332293333557298,1226.377500404249,628004,157000,0.0009705743480784205,0.0009705743480784205
0.03584019732142995,0.002417222058167678,0.006087839763761661,0.0019836072530288397,0.0001683060046064947,0.002417222058167678,0.006087839763761661,0.0019836072530288397,0.0001683060046064947,1226.3872719977023,629004,157250,0.0010052430651350218,0.0010052430651350218
0.04301163472844328,0.002423738899058661,0.006791463276022114,0.0019623963067177596,0.00019998486212559729,0.002423738899058661,0.006791463276022114,0.0019623963067177596,0.00019998486212559729,1226.3966111489933,630004,157500,0.0009615150664749016,0.0009615150664749016
0.04176868807379336,0.0025544203419121895,0.006715386627822763,0.0019337487115043894,0.00018483701949762902,0.0025544203419121895,0.006715386627822763,0.0019337487115043894,0.00018483701949762902,1226.4057644047762,631004,157750,0.0009253265420798475,0.0009253265420798475
0.04122295909898114,0.0024654599211644352,0.006943768391362094,0.0020221800598151547,0.0001971679734232764,0.0024654599211644352,0.006943768391362094,0.0020221800598151547,0.0001971679734232764,1226.4191537947224,632004,158000,0.001003371733618097,0.001003371733618097
0.030541634029552157,0.00221855916630011,0.005897427453911388,0.001989759394716875,0.00016458934150858165,0.00221855916630011,0.005897427453911388,0.001989759394716875,0.00016458934150858165,1226.4262531084928,633004,158250,0.0009230730773040452,0.0009230730773040452
0.038561370354946535,0.0023862798642367133,0.006378137020311917,0.002054539524002768,0.0001702328910707949,0.0023862798642367133,0.006378137020311917,0.002054539524002768,0.0001702328910707949,1226.4346141918325,634004,158500,0.0009585833555060426,0.0009585833555060426
0.03214766657312141,0.0022188286242308094,0.005919887314873241,0.0018484876865826482,0.0001786634443082874,0.0022188286242308094,0.005919887314873241,0.0018484876865826482,0.0001786634443082874,1226.4417027026943,635004,158750,0.000902799011977254,0.000902799011977254
0.03336039508724056,0.0022970086251152696,0.006179510373470742,0.00197998173548729,0.0001797369145459661,0.0022970086251152696,0.006179510373470742,0.00197998173548729,0.0001797369145459661,1226.450904027439,636004,159000,0.0009185784694823026,0.0009185784694823026
0.04034575659064961,0.002259831906791077,0.006123935835260405,0.001988493984518379,0.00016601932701671243,0.002259831906791077,0.006123935835260405,0.001988493984518379,0.00016601932701671243,1226.4607027832212,637004,159250,0.0009648846279333153,0.0009648846279333153
0.032416715199937024,0.002223501517437398,0.006069932922777108,0.0019537417887582264,0.0001633522083838976,0.002223501517437398,0.006069932922777108,0.0019537417887582264,0.0001633522083838976,1226.4686044418124,638004,159500,0.0009483103911384847,0.0009483103911384847
0.02924275250854427,0.0023231211818638222,0.005941739791647107,0.0020285991203942994,0.00016382291140354364,0.0023231211818638222,0.005941739791647107,0.0020285991203942994,0.00016382291140354364,1226.4766080947757,639004,159750,0.0009364401413486408,0.0009364401413486408
0.03758611346815239,0.0021956060569500576,0.006130431259219178,0.0019204782210788733,0.00018225411534180248,0.0021956060569500576,0.006130431259219178,0.0019204782210788733,0.00018225411534180248,1226.4844009846454,640004,160000,0.0009354187874123462,0.0009354187874123462
0.028978459705423506,0.002218666585453321,0.005757316245719613,0.001881695968134613,0.00016962829890028306,0.002218666585453321,0.005757316245719613,0.001881695968134613,0.00016962829890028306,1226.4936213106478,641004,160250,0.0009450696586709686,0.0009450696586709686
0.044811385673598436,0.002294931316573639,0.006746866503316495,0.0018873160521649666,0.00018182067910030053,0.002294931316573639,0.006746866503316495,0.0018873160521649666,0.00018182067910030053,1226.501542005164,642004,160500,0.0009451847816235393,0.0009451847816235393
0.03524812009275665,0.0023059713813418053,0.00614819154666968,0.0019396051098333883,0.00017885993519105772,0.0023059713813418053,0.00614819154666968,0.0019396051098333883,0.00017885993519105772,1226.5113476109,643004,160750,0.0009245117114226377,0.0009245117114226377
0.03094955516721997,0.0021432416281895695,0.006091114352542671,0.0019199914566871987,0.00017090904164047762,0.0021432416281895695,0.006091114352542671,0.0019199914566871987,0.00017090904164047762,1226.5201679520255,644004,161000,0.0009695810354137152,0.0009695810354137152
0.036774645812103705,0.002490602132515052,0.0063704973750713205,0.0021078933388143303,0.00017385300196413775,0.002490602132515052,0.0063704973750713205,0.0021078933388143303,0.00017385300196413775,1226.5304762696687,645004,161250,0.0009295033439208728,0.0009295033439208728
0.036739333517171104,0.0022164550851448456,0.006159071362032729,0.0020145161152061706,0.000179029302243554,0.0022164550851448456,0.006159071362032729,0.0020145161152061706,0.000179029302243554,1226.539520856095,646004,161500,0.00100517130499611,0.00100517130499611
0.032657783629073546,0.0020544959577673584,0.005989792816031933,0.0019188519757708446,0.00015980514873378316,0.0020544959577673584,0.005989792816031933,0.0019188519757708446,0.00015980514873378316,1226.54764251858,647004,161750,0.0009397313874784885,0.0009397313874784885
0.03196563043470503,0.002308567284024323,0.006189702089699934,0.0018128292200307592,0.00016406617424010998,0.002308567284024323,0.006189702089699934,0.0018128292200307592,0.00016406617424010998,1226.5567124823103,648004,162000,0.0009448938245917965,0.0009448938245917965
0.03387380854585007,0.0020651978859677895,0.005996585834578105,0.0019227468772048794,0.00017046050317446557,0.0020651978859677895,0.005996585834578105,0.0019227468772048794,0.00017046050317446557,1226.5667121237495,649004,162250,0.0008898893395850723,0.0008898893395850723
0.03917828978034625,0.00233693976694485,0.006232436116126531,0.002081799509413762,0.00018802819000166482,0.00233693976694485,0.006232436116126531,0.002081799509413762,0.00018802819000166482,1226.5753501278873,650004,162500,0.0009175407585841133,0.0009175407585841133
0.044882063249493995,0.002554018416558394,0.0071189608817628335,0.0019330904308137366,0.00019217856605943494,0.002554018416558394,0.0071189608817628335,0.0019330904308137366,0.00019217856605943494,1226.5849044420943,651004,162750,0.0009580522049290331,0.0009580522049290331
0.04335578647844475,0.0023419436689582633,0.006576457221684503,0.0019812661160074395,0.00018052739176695936,0.0023419436689582633,0.006576457221684503,0.0019812661160074395,0.00018052739176695936,1226.5936420239618,652004,163000,0.0009567722411993757,0.0009567722411993757
0.03723041400646525,0.002321208821667826,0.006017697658281515,0.0019867889748420562,0.0001648445527208091,0.002321208821667826,0.006017697658281515,0.0019867889748420562,0.0001648445527208091,1226.6034089778655,653004,163250,0.0009600198252883276,0.0009600198252883276
0.02857313542096783,0.0022307882477762176,0.00592041536141187,0.0020212218292161013,0.00016474262968382063,0.0022307882477762176,0.00592041536141187,0.0020212218292161013,0.00016474262968382063,1226.6112711192181,654004,163500,0.0009640541343322339,0.0009640541343322339
0.028757711793480384,0.002172525441332251,0.005998640003182535,0.001961747190161644,0.00016439590655940886,0.002172525441332251,0.005998640003182535,0.001961747190161644,0.00016439590655940886,1226.6195689606895,655004,163750,0.0009808512758760835,0.0009808512758760835
0.03236348603475448,0.0022159723720396847,0.0057995326971619935,0.0020308563275737534,0.00017238043217909503,0.0022159723720396847,0.0057995326971619935,0.0020308563275737534,0.00017238043217909503,1226.6276942257507,656004,164000,0.000937576691136724,0.000937576691136724
0.02915482966915113,0.0020730646006413738,0.0055066418061231,0.0019951175843289045,0.0001662997174786781,0.0020730646006413738,0.0055066418061231,0.0019951175843289045,0.0001662997174786781,1226.6375614593824,657004,164250,0.0009250068034801614,0.0009250068034801614
0.0360018879324957,0.0022004493362037477,0.0060123709466387626,0.0019923883976550464,0.000166873467107936,0.0022004493362037477,0.0060123709466387626,0.0019923883976550464,0.000166873467107936,1226.6450823655796,658004,164500,0.0009580152984727325,0.0009580152984727325
0.032664402977606706,0.0022059376210672795,0.005902874462666768,0.0020184950879975723,0.00015679927137277205,0.0022059376210672795,0.005902874462666768,0.0020184950879975723,0.00015679927137277205,1226.654115513928,659004,164750,0.0009811598828315215,0.0009811598828315215
0.04218221004217912,0.002367161959991791,0.006537631636145386,0.0019557628630306016,0.0001850291124248864,0.002367161959991791,0.006537631636145386,0.0019557628630306016,0.0001850291124248864,1226.6628934730415,660004,165000,0.0009333299682820919,0.0009333299682820919
0.036961088952037376,0.0023839704648999024,0.00622790261119042,0.0018936724112380385,0.00017389578790398926,0.0023839704648999024,0.00622790261119042,0.0018936724112380385,0.00017389578790398926,1226.6742442582695,661004,165250,0.0009566829659300953,0.0009566829659300953
0.03074180204591804,0.0021670464613125664,0.006093101439815334,0.0018943401837747131,0.0001639873631731349,0.0021670464613125664,0.006093101439815334,0.0018943401837747131,0.0001639873631731349,1226.6825161399227,662004,165500,0.0009326537068073564,0.0009326537068073564
0.0357530775688474,0.0024316892876522626,0.0062048021911203345,0.0018533367673360065,0.00017105272373787601,0.0024316892876522626,0.0062048021911203345,0.0018533367673360065,0.00017105272373787601,1226.6912944991484,663004,165750,0.000958989394993912,0.000958989394993912
0.04029135340513445,0.0025497601717943312,0.00672032995992955,0.002037337513578948,0.00018424615020921906,0.0025497601717943312,0.00672032995992955,0.002037337513578948,0.00018424615020921906,1226.700002811896,664004,166000,0.000945578267224853,0.000945578267224853
0.03081980573106099,0.002244640086079016,0.0061450885047660666,0.0019760543244398917,0.00016591664972329727,0.002244640086079016,0.0061450885047660666,0.0019760543244398917,0.00016591664972329727,1226.7092090629917,665004,166250,0.0009533174936294406,0.0009533174936294406
0.036171825530877284,0.002365468106523622,0.006124806425059869,0.001904097558555962,0.0001765042739155135,0.002365468106523622,0.006124806425059869,0.001904097558555962,0.0001765042739155135,1226.7182003010269,666004,166500,0.0009305361533669504,0.0009305361533669504
0.034188290304920446,0.0024053105225320874,0.006017470977438444,0.001953879410477051,0.00016348554524048945,0.0024053105225320874,0.006017470977438444,0.001953879410477051,0.00016348554524048945,1226.7273300436377,667004,166750,0.0009118057422427704,0.0009118057422427704
0.03748571559170431,0.0023138005298096644,0.006311027914209056,0.002017678430369731,0.00016798918470908682,0.0023138005298096644,0.006311027914209056,0.002017678430369731,0.00016798918470908682,1226.7372418579541,668004,167000,0.0009689342116298928,0.0009689342116298928
0.036974572705892064,0.002453418528893959,0.006355740520585744,0.0019670917177352066,0.00017635135935827257,0.002453418528893959,0.006355740520585744,0.0019670917177352066,0.00017635135935827257,1226.7459822049902,669004,167250,0.000936903867400325,0.000936903867400325
0.03714879192143944,0.0021953061891254043,0.006206654617156195,0.001927191755898737,0.00017679362898399215,0.0021953061891254043,0.006206654617156195,0.001927191755898737,0.00017679362898399215,1226.753814259929,670004,167500,0.0009241486039854868,0.0009241486039854868
0.0346943202344076,0.002202953921339943,0.006246943247303497,0.0018911399649426581,0.00019311965492195278,0.002202953921339943,0.006246943247303497,0.0018911399649426581,0.00019311965492195278,1226.7639425057623,671004,167750,0.0009457109340144301,0.0009457109340144301
0.04320687140893914,0.0023834411653806437,0.007003569786769176,0.0019469041903008247,0.0001861895474399414,0.0023834411653806437,0.007003569786769176,0.0019469041903008247,0.0001861895474399414,1226.773697834901,672004,168000,0.0009306189073921648,0.0009306189073921648
0.03872710133949203,0.0024087622967781503,0.006246726055317943,0.0019874753663799405,0.00017999590944901177,0.0024087622967781503,0.006246726055317943,0.0019874753663799405,0.00017999590944901177,1226.782327240166,673004,168250,0.0009275526183046168,0.0009275526183046168
0.03387901668307779,0.0023092205058201213,0.006134022191166876,0.0019176673560136134,0.00017128337035989888,0.0023092205058201213,0.006134022191166876,0.0019176673560136134,0.00017128337035989888,1226.7912973029615,674004,168500,0.000984162906663138,0.000984162906663138
0.03750553188316424,0.00245103096507955,0.006705013095333632,0.00195321886748883,0.0001724483475754823,0.00245103096507955,0.006705013095333632,0.00195321886748883,0.0001724483475754823,1226.8013070135205,675004,168750,0.0009361588253301146,0.0009361588253301146
0.02938629131006028,0.002244593448471274,0.005913641636918772,0.00195828967706736,0.00017733028458942783,0.002244593448471274,0.005913641636918772,0.00195828967706736,0.00017733028458942783,1226.8106174219806,676004,169000,0.000933017688597679,0.000933017688597679
0.03172757307715128,0.002200392596161688,0.005834177237253372,0.0019340645035971758,0.00016909752256845864,0.002200392596161688,0.005834177237253372,0.0019340645035971758,0.00016909752256845864,1226.818632651221,677004,169250,0.0009177819778721958,0.0009177819778721958
0.03542917447829716,0.0022562373556429486,0.006129762481635673,0.0019019431530740915,0.00017704453845605398,0.0022562373556429486,0.006129762481635673,0.0019019431530740915,0.00017704453845605398,1226.8268359213826,678004,169500,0.0009124526373090057,0.0009124526373090057
0.03403967006341484,0.002242500786902385,0.006170695556554564,0.001894974063640005,0.00014884991819810316,0.002242500786902385,0.006170695556554564,0.001894974063640005,0.00014884991819810316,1226.8364062929604,679004,169750,0.0008772689851615181,0.0008772689851615181
0.0423537957516254,0.002288005366746801,0.0063889833923640735,0.0019344084329388455,0.00017995464491104933,0.002288005366746801,0.0063889833923640735,0.0019344084329388455,0.00017995464491104933,1226.8460627783206,680004,170000,0.0009687843734262353,0.0009687843734262353
0.029980798148132808,0.002304134356294526,0.006068859536967726,0.0019958612707947987,0.0001574570802185919,0.002304134356294526,0.006068859536967726,0.0019958612707947987,0.0001574570802185919,1226.8560625010277,681004,170250,0.0009341341445642512,0.0009341341445642512
0.037850335355305846,0.0022863357519963745,0.006179774784678118,0.001898960177406925,0.0001718965602831034,0.0022863357519963745,0.006179774784678118,0.001898960177406925,0.0001718965602831034,1226.8656709904094,682004,170500,0.0009525477060644958,0.0009525477060644958
0.03740046529244333,0.002350282836880067,0.006184448577952661,0.0019173873680604914,0.00016206204767032497,0.002350282836880067,0.006184448577952661,0.0019173873680604914,0.00016206204767032497,1226.8744331754892,683004,170750,0.0009618481376404328,0.0009618481376404328
0.03712604123815166,0.0023156077446183205,0.006090041797774189,0.0019822529727538513,0.00015887308902693485,0.0023156077446183205,0.006090041797774189,0.0019822529727538513,0.00015887308902693485,1226.883103361554,684004,171000,0.0009067371584630261,0.0009067371584630261
0.04515649610278844,0.0023412534063099867,0.006212724118830825,0.0019583415673373066,0.00018918405370404654,0.0023412534063099867,0.006212724118830825,0.0019583415673373066,0.00018918405370404654,1226.892779977703,685004,171250,0.0008999198381066132,0.0008999198381066132
0.02972186990417795,0.002120737544842998,0.005894005662032764,0.0018857456453847728,0.00015366182372129466,0.002120737544842998,0.005894005662032764,0.0018857456453847728,0.00015366182372129466,1226.901199303915,686004,171500,0.0009373264141190285,0.0009373264141190285
0.048890348411202676,0.002621133954613471,0.007262804830231914,0.0018855067700926267,0.00019091892966899014,0.002621133954613471,0.007262804830231914,0.0018855067700926267,0.00019091892966899014,1226.909478391348,687004,171750,0.0009059601033949869,0.0009059601033949869
0.04580709057422065,0.002692761627695292,0.00778256577577994,0.001970742473710607,0.00018180178012698877,0.002692761627695292,0.00778256577577994,0.001970742473710607,0.00018180178012698877,1226.921541682636,688004,172000,0.0009041748382458833,0.0009041748382458833
0.032670687618372114,0.002246063424390742,0.00582979979721466,0.001908278904509386,0.00015517950362919932,0.002246063424390742,0.00582979979721466,0.001908278904509386,0.00015517950362919932,1226.93167318316,689004,172250,0.0009291921736848595,0.0009291921736848595
0.03508729754582043,0.002242986669414676,0.006003193412926346,0.0018752262613441636,0.00016532465976614968,0.002242986669414676,0.006003193412926346,0.0018752262613441636,0.00016532465976614968,1226.9401732271667,690004,172500,0.0009673840518437575,0.0009673840518437575
0.03470015514089542,0.0024034627960063484,0.0062102283512114045,0.0018943941822279341,0.0001762204630040286,0.0024034627960063484,0.0062102283512114045,0.0018943941822279341,0.0001762204630040286,1226.9490268039258,691004,172750,0.0009246407837186542,0.0009246407837186542
0.032852478555797725,0.0023131677767669325,0.0061700667734485015,0.0019499402648458883,0.00017888218798038058,0.0023131677767669325,0.0061700667734485015,0.0019499402648458883,0.00017888218798038058,1226.9583615424003,692004,173000,0.000938310701763037,0.000938310701763037
0.03746857096311284,0.002377064866712318,0.006441139334273185,0.0019069774698808179,0.00015874622598004162,0.002377064866712318,0.006441139334273185,0.0019069774698808179,0.00015874622598004162,1226.9673767774657,693004,173250,0.0009604474989193779,0.0009604474989193779
0.03336344853016286,0.002158078680105973,0.005680279173961306,0.0019433875110487192,0.00017140177594251408,0.002158078680105973,0.005680279173961306,0.0019433875110487192,0.00017140177594251408,1226.9749249205186,694004,173500,0.0009521997713093928,0.0009521997713093928
0.029900454453110268,0.002161239017848855,0.00620968172936429,0.0019812556944089005,0.0001679453735015783,0.002161239017848855,0.00620968172936429,0.0019812556944089005,0.0001679453735015783,1226.9837282783892,695004,173750,0.0008922267915931341,0.0008922267915931341
0.03681638089095363,0.0023441061674384393,0.006343790093538302,0.0019191973599501796,0.00017749599239735132,0.0023441061674384393,0.006343790093538302,0.0019191973599501796,0.00017749599239735132,1226.9913860003069,696004,174000,0.0009284437642793501,0.0009284437642793501
0.04553903379888244,0.0023720259328838455,0.0065404785286092195,0.0020037573353545936,0.00018486463312640154,0.0023720259328838455,0.0065404785286092195,0.0020037573353545936,0.00018486463312640154,1227.0025718297807,697004,174250,0.0009266024965199901,0.0009266024965199901
0.03108634289988512,0.002276926156016996,0.006148560104703916,0.0019116570709835896,0.0001745508164127716,0.002276926156016996,0.006148560104703916,0.0019116570709835896,0.0001745508164127716,1227.0119823081966,698004,174500,0.0009247469153769062,0.0009247469153769062
0.03425049481988842,0.0023580932227487213,0.0061922493338998795,0.0019066628076446562,0.00016570821878414082,0.0023580932227487213,0.0061922493338998795,0.0019066628076446562,0.00016570821878414082,1227.020052987946,699004,174750,0.0008856423469202376,0.0008856423469202376
0.030723473163455802,0.002231180620263331,0.006202469780729369,0.0019179131199007873,0.000177569115452996,0.002231180620263331,0.006202469780729369,0.0019179131199007873,0.000177569115452996,1227.0284986085535,700004,175000,0.0009627111599930467,0.0009627111599930467
0.03433330585429316,0.0022679641873110065,0.005882579515691691,0.001956857283717119,0.0001743947644546793,0.0022679641873110065,0.005882579515691691,0.001956857283717119,0.0001743947644546793,1227.0384160797532,701004,175250,0.0009530640436564719,0.0009530640436564719
0.03257084015361328,0.002343083856278099,0.0059608336957683245,0.0019614551626188003,0.00017746968077669102,0.002343083856278099,0.0059608336957683245,0.0019614551626188003,0.00017746968077669102,1227.0469707098648,702004,175500,0.0009011351023656247,0.0009011351023656247
0.03355376577743362,0.0021993223816971293,0.006134793199695805,0.001891127975834692,0.00016168895989026425,0.0021993223816971293,0.006134793199695805,0.001891127975834692,0.00016168895989026425,1227.0558270594152,703004,175750,0.0008974811299557972,0.0008974811299557972
0.034774901047108314,0.0021562498117564267,0.005925874109379945,0.001988568797762453,0.00016492325059094207,0.0021562498117564267,0.005925874109379945,0.001988568797762453,0.00016492325059094207,1227.0654878655223,704004,176000,0.0009927752446401426,0.0009927752446401426
0.03339402247314975,0.0022147282065125193,0.006183821288671466,0.001967781779215832,0.00017970220991927232,0.0022147282065125193,0.006183821288671466,0.001967781779215832,0.00017970220991927232,1227.0739807509403,705004,176250,0.0009093818901698867,0.0009093818901698867
0.039066336884548844,0.002231128241633996,0.00657531641003776,0.0018891009642361257,0.00016985612796390197,0.002231128241633996,0.00657531641003776,0.0018891009642361257,0.00016985612796390197,1227.0826424118975,706004,176500,0.0009140162505026831,0.0009140162505026831
0.042700893524610914,0.0028409397706855104,0.007056213456718566,0.0019249337942841551,0.00018373009870150512,0.0028409397706855104,0.007056213456718566,0.0019249337942841551,0.00018373009870150512,1227.0921648893461,707004,176750,0.0009893453426737732,0.0009893453426737732
0.03284095907926174,0.0024301820825785403,0.006010071318347137,0.00197413479853197,0.0001573542912944301,0.0024301820825785403,0.006010071318347137,0.00197413479853197,0.0001573542912944301,1227.1018028455167,708004,177000,0.000950754635258655,0.000950754635258655
0.03352046871577513,0.002266272404231131,0.006159129745131466,0.0019913835619904527,0.00017229073940446446,0.002266272404231131,0.006159129745131466,0.0019913835619904527,0.00017229073940446446,1227.110813458317,709004,177250,0.0009206476143737045,0.0009206476143737045
0.034192833983301724,0.002298155917262194,0.0058778763028494085,0.001960215608569534,0.00016007342891257567,0.002298155917262194,0.0058778763028494085,0.001960215608569534,0.00016007342891257567,1227.11814266971,710004,177500,0.000908753407530326,0.000908753407530326
0.03388004557953001,0.0022928801608504716,0.005946071221897345,0.0019353314012073195,0.000185437277602767,0.0022928801608504716,0.005946071221897345,0.0019353314012073195,0.000185437277602767,1227.1271889070804,711004,177750,0.0009191218561096255,0.0009191218561096255
0.03261313232001497,0.0022832474824972418,0.0059179443314053,0.001948728526544119,0.00018199046581641944,0.0022832474824972418,0.0059179443314053,0.001948728526544119,0.00018199046581641944,1227.13602985229,712004,178000,0.0009435060731444496,0.0009435060731444496
0.035488327395334224,0.0021999988816678528,0.006358963496376218,0.001998563947696868,0.00017119647417709337,0.0021999988816678528,0.006358963496376218,0.001998563947696868,0.00017119647417709337,1227.1444779641613,713004,178250,0.0008974927327325266,0.0008974927327325266
0.03202373533079131,0.002156640789296945,0.0060673420886612536,0.0018882269303836237,0.00018796474931090303,0.002156640789296945,0.0060673420886612536,0.0018882269303836237,0.00018796474931090303,1227.1535233327006,714004,178500,0.0009446631388066411,0.0009446631388066411
0.04412935438592965,0.0023600071883993195,0.006781083709002323,0.0018864839559553472,0.00017629799393843225,0.0023600071883993195,0.006781083709002323,0.0018864839559553472,0.00017629799393843225,1227.1637128742407,715004,178750,0.0009500393529985258,0.0009500393529985258
0.03301769348490016,0.0023215310329687796,0.005804948283072852,0.0018991088442390364,0.00016755149692770604,0.0023215310329687796,0.005804948283072852,0.0018991088442390364,0.00016755149692770604,1227.1737063512223,716004,179000,0.0009568841510071796,0.0009568841510071796
0.03027245918335043,0.0021918916055001314,0.006000868379309468,0.0019245034176381115,0.00016810118161343318,0.0021918916055001314,0.006000868379309468,0.0019245034176381115,0.00016810118161343318,1227.1835270753356,717004,179250,0.000892523695003971,0.000892523695003971
0.04032418335962441,0.002329526813482515,0.006571809031818975,0.0019122946753849085,0.00017454168046242554,0.002329526813482515,0.006571809031818975,0.0019122946753849085,0.00017454168046242554,1227.1919998512933,718004,179500,0.0009047746867826577,0.0009047746867826577
0.04176501006285203,0.002474345345341137,0.006741722915194258,0.0019372689008202043,0.00019270084926315963,0.002474345345341137,0.006741722915194258,0.0019372689008202043,0.00019270084926315963,1227.2006351449086,719004,179750,0.0008824687869055202,0.0008824687869055202
0.03381592936109467,0.0023136557996040192,0.006171068043320198,0.0019780686554189864,0.0001855096819503869,0.0023136557996040192,0.006171068043320198,0.0019780686554189864,0.0001855096819503869,1227.209261097732,720004,180000,0.0008898848736311204,0.0008898848736311204
0.03602535621503568,0.0023111982231494065,0.006006784360445891,0.0019026432794034985,0.00017355719397161657,0.0023111982231494065,0.006006784360445891,0.0019026432794034985,0.00017355719397161657,1227.2179520061075,721004,180250,0.000930652916006342,0.000930652916006342
0.031870822557398,0.002339900057995693,0.006208099119642091,0.0018628371890589772,0.00017067280429165562,0.002339900057995693,0.006208099119642091,0.0018628371890589772,0.00017067280429165562,1227.227331817615,722004,180500,0.0009466409206074614,0.0009466409206074614
0.03851631400603149,0.0025804438942577663,0.006688273614826418,0.0019264271028051744,0.00017851573224041714,0.0025804438942577663,0.006688273614826418,0.0019264271028051744,0.00017851573224041714,1227.237608741754,723004,180750,0.0008985329330156612,0.0008985329330156612
0.03223028346751056,0.002162851563451115,0.006102859106130379,0.0019029203310765303,0.00017666798822028805,0.002162851563451115,0.006102859106130379,0.0019029203310765303,0.00017666798822028805,1227.2481316716628,724004,181000,0.0008829517876465791,0.0008829517876465791
0.042096936794131574,0.0026223780864384045,0.006630736857940764,0.0020101989825889173,0.00018204754303546527,0.0026223780864384045,0.006630736857940764,0.0020101989825889173,0.00018204754303546527,1227.2579802820355,725004,181250,0.0009398033663400598,0.0009398033663400598
0.03689690564270934,0.002349292315891945,0.006354398837280568,0.0018547923128279125,0.0001755386133862273,0.002349292315891945,0.006354398837280568,0.0018547923128279125,0.0001755386133862273,1227.2682853653298,726004,181500,0.0008981290482665826,0.0008981290482665826
0.02999158455479533,0.002192166659748179,0.005719261593185362,0.0019797011055015185,0.00017286816179806086,0.002192166659748179,0.005719261593185362,0.0019797011055015185,0.00017286816179806086,1227.2777153014672,727004,181750,0.0009225964977037725,0.0009225964977037725
0.03510660713086783,0.0023057823617709835,0.006107341084111059,0.001907257199080843,0.00017987581838610345,0.0023057823617709835,0.006107341084111059,0.001907257199080843,0.00017987581838610345,1227.287711900049,728004,182000,0.0009562066922299272,0.0009562066922299272
0.03784847611151921,0.0022603628300130367,0.006062676570942911,0.001868747164336767,0.00017576471231782673,0.0022603628300130367,0.006062676570942911,0.001868747164336767,0.00017576471231782673,1227.296948324887,729004,182250,0.0009385998279878506,0.0009385998279878506
0.047827055684008954,0.002440576255088674,0.007393443426932749,0.002011531492483861,0.0002045773460328266,0.002440576255088674,0.007393443426932749,0.002011531492483861,0.0002045773460328266,1227.3058359042232,730004,182500,0.0009809540160252562,0.0009809540160252562
0.04174788644492007,0.0025198080424452198,0.007119002721992735,0.0018836904526588663,0.00017886625099757138,0.0025198080424452198,0.007119002721992735,0.0018836904526588663,0.00017886625099757138,1227.315030913177,731004,182750,0.0008946150925324912,0.0008946150925324912
0.02943603195772839,0.0020649455470847897,0.005916661047276758,0.0018220427551780803,0.0001635624677058516,0.0020649455470847897,0.005916661047276758,0.0018220427551780803,0.0001635624677058516,1227.3235192184409,732004,183000,0.0008900643732689117,0.0008900643732689117
0.03032151281819852,0.002395447932300159,0.006328408165957569,0.0019083245433866975,0.00016237640857709023,0.002395447932300159,0.006328408165957569,0.0019083245433866975,0.00016237640857709023,1227.3312834619371,733004,183250,0.0009417260127630663,0.0009417260127630663
0.026586900312692938,0.0021374329940881593,0.0059924240840137375,0.0019550835011966326,0.00015905361178287508,0.0021374329940881593,0.0059924240840137375,0.0019550835011966326,0.00015905361178287508,1227.3390447398265,734004,183500,0.0009147657351412577,0.0009147657351412577
0.033504748027021816,0.0022677472425857536,0.005834973156694535,0.001915951851481588,0.00017716327435241905,0.0022677472425857536,0.005834973156694535,0.001915951851481588,0.00017716327435241905,1227.3472453765728,735004,183750,0.0009168367483876151,0.0009168367483876151
0.03130160107291896,0.0022250595336663556,0.0061433676574913585,0.0018861242422078294,0.00017724640690805525,0.0022250595336663556,0.0061433676574913585,0.0018861242422078294,0.00017724640690805525,1227.356245063511,736004,184000,0.0008721406427664774,0.0008721406427664774
0.041085647499577736,0.002371536210615886,0.006094332130763818,0.0019399325199046253,0.00017357147380081642,0.002371536210615886,0.006094332130763818,0.0019399325199046253,0.00017357147380081642,1227.365534091514,737004,184250,0.0009180459716848313,0.0009180459716848313
0.03624696313054703,0.002403305638814346,0.006363350639126934,0.001928751862067431,0.0001764199014132829,0.002403305638814346,0.006363350639126934,0.001928751862067431,0.0001764199014132829,1227.3747319319482,738004,184500,0.0009230073070890892,0.0009230073070890892
0.030670011914899115,0.002275831407983789,0.00596499213272528,0.0018284254327347567,0.00017212072253293398,0.002275831407983789,0.00596499213272528,0.0018284254327347567,0.00017212072253293398,1227.3825766790599,739004,184750,0.0009987751886497299,0.0009987751886497299
0.03577354184904176,0.0023339755370980135,0.006072031788916312,0.0018962973498974725,0.00017171099540620684,0.0023339755370980135,0.006072031788916312,0.0018962973498974725,0.00017171099540620684,1227.3920138248168,740004,185000,0.0009115706960943974,0.0009115706960943974
0.028198660813255245,0.0023870961122447643,0.006053030819149326,0.0018774300983785681,0.00016123109166103194,0.0023870961122447643,0.006053030819149326,0.0018774300983785681,0.00016123109166103194,1227.4011878941071,741004,185250,0.0009743668712404977,0.0009743668712404977
0.04151092856286934,0.0024175470173358913,0.00622197315114166,0.001951739627699506,0.0001945294463461587,0.0024175470173358913,0.00622197315114166,0.001951739627699506,0.0001945294463461587,1227.409608914149,742004,185500,0.0009523239157379543,0.0009523239157379543
0.030710813915231745,0.0021457150459027576,0.0057482657653073095,0.0018876592801108877,0.00018377710509975308,0.0021457150459027576,0.0057482657653073095,0.0018876592801108877,0.00018377710509975308,1227.4183162672327,743004,185750,0.0009115145782528534,0.0009115145782528534
0.03129086288291837,0.002419316264800729,0.00621206014855581,0.001890455448231938,0.00017071063378717375,0.002419316264800729,0.00621206014855581,0.001890455448231938,0.00017071063378717375,1227.426992584065,744004,186000,0.0008795699017865815,0.0008795699017865815
0.03812512941951815,0.0024247506848478232,0.006268164915700423,0.0018906144665436836,0.0001862372631011864,0.0024247506848478232,0.006268164915700423,0.0018906144665436836,0.0001862372631011864,1227.4370141189238,745004,186250,0.0009377519325411868,0.0009377519325411868
0.030520394779921415,0.0022220145094906892,0.005621155355057867,0.001965861664050154,0.0001806236323848982,0.0022220145094906892,0.005621155355057867,0.001965861664050154,0.0001806236323848982,1227.4462542775098,746004,186500,0.0009491761124974004,0.0009491761124974004
0.03704342746337827,0.0022646880458923983,0.006085385995598127,0.001831219453500428,0.0001730892061092982,0.0022646880458923983,0.006085385995598127,0.001831219453500428,0.0001730892061092982,1227.455902791488,747004,186750,0.0008840578059399767,0.0008840578059399767
0.045647655027091213,0.0024095364224049286,0.0068764955435672995,0.001844881086036721,0.00019180935248732563,0.0024095364224049286,0.0068764955435672995,0.001844881086036721,0.00019180935248732563,1227.465412027082,748004,187000,0.0009534818970086416,0.0009534818970086416
0.035343645093477115,0.0023594772856158695,0.006558226356908935,0.0019579488592205104,0.00015858510631954983,0.0023594772856158695,0.006558226356908935,0.0019579488592205104,0.00015858510631954983,1227.475588068676,749004,187250,0.000955055440733542,0.000955055440733542
0.033389991601655046,0.002305640528851654,0.0063032662733651995,0.00196555642939285,0.0001785009607971599,0.002305640528851654,0.0063032662733651995,0.00196555642939285,0.0001785009607971599,1227.4855037607194,750004,187500,0.0009115477945198543,0.0009115477945198543
0.029989111071052878,0.002100344449630934,0.005809859690125129,0.0019331406978325856,0.00016545754900005802,0.002100344449630934,0.005809859690125129,0.0019331406978325856,0.00016545754900005802,1227.4986601942232,751004,187750,0.0009712302553766521,0.0009712302553766521
0.028555429452787762,0.0020738410264020766,0.005856581498981521,0.001886506946753074,0.00016089401401257126,0.0020738410264020766,0.005856581498981521,0.001886506946753074,0.00016089401401257126,1227.5071490929713,752004,188000,0.0009389711761823262,0.0009389711761823262
0.026634402381560715,0.0021471546586835782,0.005825085497204349,0.0019110698615097325,0.00016222933797054866,0.0021471546586835782,0.005825085497204349,0.0019110698615097325,0.00016222933797054866,1227.5161325566864,753004,188250,0.0009424479710230348,0.0009424479710230348
0.03570734295431062,0.00238858286291361,0.0062682657359739375,0.0019593913067909472,0.00017875108933367292,0.00238858286291361,0.0062682657359739375,0.0019593913067909472,0.00017875108933367292,1227.5249390939168,754004,188500,0.000936253570712066,0.000936253570712066
0.042674037893926,0.002522682887181873,0.006856183064918891,0.0019386506771877782,0.0001851700602544577,0.002522682887181873,0.006856183064918891,0.0019386506771877782,0.0001851700602544577,1227.5350138205413,755004,188750,0.0010014966858598656,0.0010014966858598656
0.04291745135099891,0.002501410384546036,0.006894918709226389,0.001944151076647203,0.0001807720163339973,0.002501410384546036,0.006894918709226389,0.001944151076647203,0.0001807720163339973,1227.5446892646582,756004,189000,0.0008797308818902821,0.0008797308818902821
0.02580822836747439,0.002036996602604634,0.005841309601849,0.0019034136865036645,0.00015996769049128154,0.002036996602604634,0.005841309601849,0.0019034136865036645,0.00015996769049128154,1227.5537726536788,757004,189250,0.0008890037635945117,0.0008890037635945117
0.031923686548282905,0.0022710457718931173,0.005984090767663639,0.001935369957112747,0.0001712594103344659,0.0022710457718931173,0.005984090767663639,0.001935369957112747,0.0001712594103344659,1227.5632332904825,758004,189500,0.0009089403788110533,0.0009089403788110533
0.0362401042720974,0.0024052165173925415,0.006282492750849493,0.0018724311854124852,0.00017728097846873096,0.0024052165173925415,0.006282492750849493,0.0018724311854124852,0.00017728097846873096,1227.5719051797712,759004,189750,0.0009169101248208873,0.0009169101248208873
0.0320239508074222,0.002215127755189314,0.006189344868112307,0.0019131515205117447,0.0001710127905974611,0.002215127755189314,0.006189344868112307,0.0019131515205117447,0.0001710127905974611,1227.5820163385129,760004,190000,0.0009381446301785899,0.0009381446301785899
